{"data" :[
{
    "id": "10002",
    "self": "http://www.example.com/jira/rest/api/2/issue/10002",
    "key": "EX-1",
	"status": "Open"
},{
    "id": "10003",
    "self": "http://www.example.com/jira/rest/api/2/issue/10003",
    "key": "EX-2",
	"status": "Open"
},
{
    "id": "10004",
    "self": "http://www.example.com/jira/rest/api/2/issue/10003",
    "key": "EX-3",
	"status": "Open"
},
{
    "id": "10005",
    "self": "http://www.example.com/jira/rest/api/2/issue/10003",
    "key": "EX-4",
	"status": "Closed"
},
{
    "id": "10006",
    "self": "http://www.example.com/jira/rest/api/2/issue/10003",
    "key": "EX-5",
	"status": "On Hold"
},
{
    "id": "10006",
    "self": "http://www.example.com/jira/rest/api/2/issue/10003",
    "key": "EX-7",
	"status": "Waiting for info"
}
]
}