{"data" :[
{"101":"Lead time"},
{"102":"Cycle time"},
{"103":"MTTR"},
{"104":"Change Fail"},
{"105":"Deploy Freq"},
{"106":"Availability"},
{"107":"ROI"},
{"108":"COGS"},

{"201":"Team as org unit"},
{"202":"Owns Capability"},
{"203":"5 whys adaptive organisation"},
{"204":"Team members moving towards T-Shape"},
{"205":"High level of team autonomy and accountability"},
{"206":"Identify ways to enhance customer value"},

{"301":"Continuous Planning/Funding"},
{"302":"Consistent Extreme programming practices"},
{"303":"Consistent Lean startup practices"},
{"304":"Continuous Improvement"},
{"305":"Metrics based decision making against business goals"},

{"401":"Strong Minimal Viable Product Team has complete accountability"},
{"402":"Real customer involvement"},
{"403":"User Centered design"},
{"404":"Product Owner Embedded"},

{"501":"Most Cloud-native factors"},
{"502":"Fault-tolerant and resilient design"},
{"503":"Cloud-agnostic runtime implementation"},
{"504":"Proactive failure testing"},
{"505":"COTS product easily replaceable with changes in client components"},
{"506":"Disaster recovery is automated"},
{"507":"Short asynchronous stateless transactions and event driven"},

{"601":"Configuration and database changes are delivered as code and applied from pipeline"},
{"602":"Single pipeline for CICD. Every task is included in the pipeline"},
{"603":"Feature flags based delivery"},
{"604":"Deploy When Ready: ship code when it's ready"},

{"701":"Automated all non-functional"},
{"702":"All automated testing is built by the feature team"},
{"703":"User Centered Development"},
{"704":"Automated PVT and BVT with deployment"},
{"705":"Independent deployment with contract change"},

{"801":"Cross skilled DevOps team"},
{"802":"Each story has operability built in"},
{"803":"Automated change and release management, only exceptions need intervention"},
{"804":"Automated Remediation/Self healing"},
{"805":"Operational metrics available for all roles, consolidated tool"},
{"806":"Change Mgt built into pipeline"},
{"807":"Automated release mgt process"},
{"808":"Metrics, Dashboards visible to everyone anytime, on/off the EDN"},
{"809":"Team able to see and resolve customer issues immediately"},

{"901":"Security scans of 3rd party libraries built into pipeline"},
{"902":"Included in pre-commit checks"},
{"903":"Developers write security abuse cases built on business rules, crafted during test driven development"},
{"904":"Security patching in the pipeline"},
{"905":"Developers are aware that security can impact design and actively brainstorm"},
{"906":"Remediation prior to check in of new vulnerabilities"}
]
}
