{"data" :[
{"101":"true"},
{"102":"false"},
{"103":"true"},
{"104":"true"},
{"105":"false"},
{"106":"false"},
{"107":"true"},
{"108":"COGS"},

{"201":"false"},
{"202":"true"},
{"203":"false"},
{"204":"false"},
{"205":"true"},
{"206":"false"},

{"301":"false"},
{"302":"true"},
{"303":"false"},
{"304":"false"},
{"305":"false"},

{"401":"false"},
{"402":"true"},
{"403":"true"},
{"404":"false"},

{"501":"false"},
{"502":"true"},
{"503":"false"},
{"504":"true"},
{"505":"false"},
{"506":"true"},
{"507":"false"},

{"601":"false"},
{"602":"true"},
{"603":"true"},
{"604":"false"},

{"701":"false"},
{"702":"true"},
{"703":"false"},
{"704":"true"},
{"705":"false"},

{"801":"false"},
{"802":"true"},
{"803":"true"},
{"804":"false"},
{"805":"true"},
{"806":"false"},
{"807":"true"},
{"808":"true"},
{"809":"false"},

{"901":"false"},
{"902":"true"},
{"903":"false"},
{"904":"true"},
{"905":"true"},
{"906":"false"}
]}